Designator,Footprint,Quantity,Value,LCSC Part #
"C1, C2, C3, C4",cap0603,4,0.1u,
"C5, C6",cap0603,2,22p,
D2,led0603,1,LED,
"H1, H2, H3, H4",MountingHole_3.2mm_M3_Pad_Via,4,MountingHole_Pad,
IC1,LQFP-48_7x7mm_P0.5mm,1,STM32F103CBTx,
J1,522711479,1,0526101433,
J2,PinHeader_1x03_P2.54mm_Vertical,1,Conn_01x03_Pin,
J3,JST_SH_SM04B-SRSS-TB_1x04-1MP_P1.00mm_Horizontal,1,Conn_01x04,
"R1, R3, R4",res0603,3,10K,
"R2, R5",res0603,2,1K,
SW1,SW_DIP_SPSTx02_Slide_6.7x6.64mm_W8.61mm_P2.54mm_LowProfile,1,SW_DIP_x02,
"SW2, SW3",SW_PUSH_SPST,2,SW_Push,
"U10, U11, U12, U13, U14, U15, U16, U17, U18, U19, U20, U21, U22, U23, U24, U25, U26, U27, U4, U5, U6, U7, U8, U9",Vishay_MINICAST-3P,24,TSSP58038,
U2,openmv,1,OpenMV H7,
U28,xiao-esp32c3,1,xiao-esp32c3,
U3,bno085,1,BNO085,
Y1,Crystal,1,8Mhz,
